epoch,time_sec,train_loss,train_dice,val_loss,val_dice
1,1.54,0.6004170775413513,0.4623723737895489,0.6270178556442261,9.870625428121116e-10
