epoch,time_sec,train_loss,train_dice,val_loss,val_dice
1,2.15,0.7374006450176239,0.07567663341760636,0.6550009310245514,0.07500000140387553
